{
	"info": {
		"_postman_id": "75608cc1-6819-4ff5-9247-fa4592483994",
		"name": "Turma-03",
		"schema": "https://schema.getpostman.com/json/collection/v2.1.0/collection.json",
		"_exporter_id": "17411764"
	},
	"item": [
		{
			"name": "Música",
			"item": [
				{
					"name": "Artista",
					"item": [
						{
							"name": "Buscar todos",
							"request": {
								"method": "GET",
								"header": [],
								"url": {
									"raw": "{{host}}/v1/artistas",
									"host": [
										"{{host}}"
									],
									"path": [
										"v1",
										"artistas"
									]
								}
							},
							"response": []
						},
						{
							"name": "Buscar por id",
							"request": {
								"method": "GET",
								"header": [],
								"url": {
									"raw": "{{host}}/v1/artistas/1",
									"host": [
										"{{host}}"
									],
									"path": [
										"v1",
										"artistas",
										"1"
									]
								}
							},
							"response": []
						},
						{
							"name": "Cadastrar",
							"request": {
								"method": "POST",
								"header": [],
								"body": {
									"mode": "raw",
									"raw": "{\r\n    \"nome\" : \"Foo Fighters\",\r\n    \"banda\" : true,\r\n    \"pais_id\" : 1\r\n}",
									"options": {
										"raw": {
											"language": "json"
										}
									}
								},
								"url": {
									"raw": "{{host}}/v1/artistas",
									"host": [
										"{{host}}"
									],
									"path": [
										"v1",
										"artistas"
									]
								}
							},
							"response": []
						},
						{
							"name": "Atualizar",
							"request": {
								"method": "PUT",
								"header": [],
								"body": {
									"mode": "raw",
									"raw": "{\r\n    \"nome\" : \"Metallica Band\",\r\n    \"banda\" : false\r\n}",
									"options": {
										"raw": {
											"language": "json"
										}
									}
								},
								"url": {
									"raw": "{{host}}/v1/artistas/1",
									"host": [
										"{{host}}"
									],
									"path": [
										"v1",
										"artistas",
										"1"
									]
								}
							},
							"response": []
						},
						{
							"name": "Excluir",
							"request": {
								"method": "DELETE",
								"header": [],
								"url": {
									"raw": "{{host}}/v1/artistas/1",
									"host": [
										"{{host}}"
									],
									"path": [
										"v1",
										"artistas",
										"1"
									]
								}
							},
							"response": []
						}
					]
				},
				{
					"name": "Países",
					"item": [
						{
							"name": "Buscar todos",
							"request": {
								"method": "GET",
								"header": [],
								"url": {
									"raw": "{{host}}/v1/paises",
									"host": [
										"{{host}}"
									],
									"path": [
										"v1",
										"paises"
									]
								}
							},
							"response": []
						},
						{
							"name": "Buscar por id",
							"request": {
								"method": "GET",
								"header": [],
								"url": {
									"raw": "{{host}}/v1/paises/1",
									"host": [
										"{{host}}"
									],
									"path": [
										"v1",
										"paises",
										"1"
									]
								}
							},
							"response": []
						},
						{
							"name": "Cadastrar",
							"request": {
								"method": "POST",
								"header": [],
								"body": {
									"mode": "raw",
									"raw": "{\r\n    \"nome\" : \"Uruguai\"\r\n}",
									"options": {
										"raw": {
											"language": "json"
										}
									}
								},
								"url": {
									"raw": "{{host}}/v1/paises",
									"host": [
										"{{host}}"
									],
									"path": [
										"v1",
										"paises"
									]
								}
							},
							"response": []
						},
						{
							"name": "Atualizar",
							"request": {
								"method": "PUT",
								"header": [],
								"body": {
									"mode": "raw",
									"raw": "{\r\n    \"nome\" : \"Uruguay\"\r\n}",
									"options": {
										"raw": {
											"language": "json"
										}
									}
								},
								"url": {
									"raw": "{{host}}/v1/paises/6",
									"host": [
										"{{host}}"
									],
									"path": [
										"v1",
										"paises",
										"6"
									]
								}
							},
							"response": []
						},
						{
							"name": "Excluir",
							"request": {
								"method": "DELETE",
								"header": [],
								"url": {
									"raw": "{{host}}/v1/paises/1",
									"host": [
										"{{host}}"
									],
									"path": [
										"v1",
										"paises",
										"1"
									]
								}
							},
							"response": []
						}
					]
				}
			]
		},
		{
			"name": "Exercícios",
			"item": []
		}
	]
}